{"cameraMode":{"drawMode":0,"name":"Shaded","section":"Shading Mode"},"sceneLighting":false,"audioPlay":false,"sceneViewState":{"showFog":true,"showMaterialUpdate":false,"showSkybox":true,"showFlares":true,"showImageEffects":true,"showParticleSystems":true},"in2DMode":false,"pivot":{"x":7.759999752044678,"y":0.29999950528144839,"z":12.5},"rotation":{"x":-0.1852218508720398,"y":-0.01120490301400423,"z":0.002112115267664194,"w":-0.9826335906982422},"size":10.385069847106934,"orthographic":false}