{"cameraMode":{"drawMode":0,"name":"Shaded","section":"Shading Mode"},"sceneLighting":false,"audioPlay":false,"sceneViewState":{"showFog":true,"showMaterialUpdate":false,"showSkybox":true,"showFlares":true,"showImageEffects":true,"showParticleSystems":true},"in2DMode":false,"pivot":{"x":2.5000009536743166,"y":0.30400124192237856,"z":2.5000009536743166},"rotation":{"x":-0.1852218508720398,"y":-0.01120490301400423,"z":0.002112115267664194,"w":-0.9826335906982422},"size":9.062451362609864,"orthographic":false}