{"cameraMode":{"drawMode":0,"name":"Shaded","section":"Shading Mode"},"sceneLighting":true,"audioPlay":false,"sceneViewState":{"showFog":true,"showMaterialUpdate":true,"showSkybox":true,"showFlares":true,"showImageEffects":true,"showParticleSystems":true},"in2DMode":false,"pivot":{"x":0.6000000238418579,"y":1.75,"z":965.1057739257813},"rotation":{"x":-0.1852218508720398,"y":-0.01120490301400423,"z":0.002112115267664194,"w":-0.9826335906982422},"size":3.6036183834075929,"orthographic":false}